MatchIdx,Date,League,HomeTeam,AwayTeam,BetType,Odds,FairOdds,Stake,Result,Win,Profit
1,2023-10-01,0,Freiburg,Augsburg,Draw,4.0,3.701279821887841,1,0,0,-1.0
2,2023-12-01,0,Darmstadt,FC Koln,Draw,3.4,3.346499504471264,1,2,0,-1.0
3,2024-02-02,0,Heidenheim,Dortmund,Draw,4.5,3.9523652677681347,1,1,1,3.5
5,2024-03-02,0,Darmstadt,Augsburg,Draw,3.3,2.944515694228975,1,2,0,-1.0
7,2024-03-02,0,Mainz,M'gladbach,Draw,3.75,3.391984871626938,1,1,1,2.75
10,2023-09-02,0,Augsburg,Bochum,Draw,3.75,3.1560548303173546,1,1,1,2.75
12,2023-09-02,0,Leverkusen,Darmstadt,Draw,7.0,6.282196547285303,1,0,0,-1.0
14,2023-09-02,0,Werder Bremen,Mainz,Draw,3.5,2.9877866274121185,1,0,0,-1.0
16,2023-12-02,0,Bochum,Wolfsburg,Draw,3.6,3.1960877219867934,1,0,0,-1.0
17,2023-12-02,0,M'gladbach,Hoffenheim,Draw,4.0,3.5314415364279625,1,0,0,-1.0
21,2024-02-03,0,Bochum,Augsburg,Draw,3.4,3.269524308172064,1,1,1,2.4
22,2024-02-03,0,Darmstadt,Leverkusen,Draw,6.5,3.9963919897775413,1,2,0,-1.0
24,2024-02-03,0,Mainz,Werder Bremen,Draw,3.5,3.0890570774179698,1,2,0,-1.0
26,2024-03-03,0,FC Koln,Leverkusen,Draw,4.75,4.25083933633418,1,2,0,-1.0
27,2024-03-03,0,Hoffenheim,Werder Bremen,Draw,4.0,3.795243725612072,1,0,0,-1.0
31,2023-11-03,0,Darmstadt,Bochum,Draw,3.75,2.637251695275285,1,2,0,-1.0
32,2023-12-03,0,Mainz,Freiburg,Draw,3.4,2.9507749657908233,1,2,0,-1.0
34,2023-12-03,0,Augsburg,Ein Frankfurt,Draw,3.6,3.500277084042838,1,0,0,-1.0
37,2024-05-04,0,Dortmund,Augsburg,Draw,4.33,4.315517682203136,1,0,0,-1.0
39,2024-05-04,0,Werder Bremen,M'gladbach,Draw,3.75,3.3354579188434803,1,1,1,2.75
40,2024-05-04,0,Wolfsburg,Darmstadt,Draw,5.0,4.65781303676726,1,0,0,-1.0
41,2024-05-04,0,FC Koln,Freiburg,Draw,3.75,3.404370728165761,1,1,1,2.75
43,2023-11-04,0,Freiburg,M'gladbach,Draw,3.8,3.208373368710558,1,1,1,2.8
44,2023-11-04,0,Hoffenheim,Leverkusen,Draw,4.5,4.0959237782840905,1,2,0,-1.0
49,2024-05-05,0,Union Berlin,Bochum,Draw,3.5,3.1307937237041847,1,2,0,-1.0
51,2024-05-05,0,Heidenheim,Mainz,Draw,3.5,2.969173819771458,1,1,1,2.5
56,2024-04-06,0,Heidenheim,Bayern Munich,Draw,6.0,5.156709854209278,1,0,0,-1.0
57,2024-04-06,0,Mainz,Darmstadt,Draw,5.0,3.5512756536476204,1,0,0,-1.0
60,2023-10-06,0,M'gladbach,Mainz,Draw,3.75,3.5724662380998837,1,1,1,2.75
61,2024-02-07,0,Mainz,Union Berlin,Draw,3.3,3.2773770143273824,1,1,1,2.3
62,2024-04-07,0,Hoffenheim,Augsburg,Draw,4.0,3.805059220196363,1,0,0,-1.0
63,2024-04-07,0,Wolfsburg,M'gladbach,Draw,4.0,3.556707304240677,1,2,0,-1.0
64,2023-10-07,0,Augsburg,Darmstadt,Draw,3.75,2.4537198278559162,1,2,0,-1.0
65,2023-10-07,0,Dortmund,Union Berlin,Draw,4.33,3.666520838408861,1,0,0,-1.0
68,2023-10-07,0,Werder Bremen,Hoffenheim,Draw,3.75,3.5478360869759378,1,2,0,-1.0
72,2023-10-08,0,Ein Frankfurt,Heidenheim,Draw,4.0,3.6823871396464742,1,0,0,-1.0
74,2024-02-09,0,Dortmund,Freiburg,Draw,4.75,4.319531303496605,1,0,0,-1.0
75,2024-03-09,0,Augsburg,Heidenheim,Draw,4.2,3.2234426498081885,1,0,0,-1.0
77,2024-03-09,0,M'gladbach,FC Koln,Draw,4.0,3.563514106434028,1,1,1,3.0
79,2024-03-09,0,Werder Bremen,Dortmund,Draw,4.33,3.8963347323258164,1,2,0,-1.0
81,2023-12-09,0,Heidenheim,Darmstadt,Draw,3.5,2.9009197097582975,1,0,0,-1.0
82,2023-12-09,0,Union Berlin,M'gladbach,Draw,3.5,3.1741483253729585,1,0,0,-1.0
83,2023-12-09,0,Werder Bremen,Augsburg,Draw,3.6,3.0131219449016955,1,0,0,-1.0
84,2023-12-09,0,Wolfsburg,Freiburg,Draw,3.5,2.9447887814589526,1,2,0,-1.0
86,2024-02-10,0,Augsburg,RB Leipzig,Draw,4.2,3.824318585751693,1,1,1,3.2
88,2024-02-10,0,M'gladbach,Darmstadt,Draw,4.5,3.4198031710723384,1,1,1,3.5
89,2024-02-10,0,Union Berlin,Wolfsburg,Draw,3.4,3.3924253169510887,1,0,0,-1.0
92,2024-03-10,0,Bochum,Freiburg,Draw,3.75,2.9889589613522145,1,2,0,-1.0
96,2023-11-10,0,M'gladbach,Wolfsburg,Draw,3.8,3.17750485648809,1,0,0,-1.0
98,2023-12-10,0,FC Koln,Mainz,Draw,3.5,3.418155245737808,1,1,1,2.5
102,2024-05-11,0,Freiburg,Heidenheim,Draw,4.0,3.5200286170230974,1,1,1,3.0
104,2024-05-11,0,RB Leipzig,Werder Bremen,Draw,6.5,6.279872232970198,1,1,1,5.5
105,2024-05-11,0,Mainz,Dortmund,Draw,3.6,3.2748357014142093,1,0,0,-1.0
106,2023-11-11,0,Augsburg,Hoffenheim,Draw,3.6,3.386466930215689,1,1,1,2.6
108,2023-11-11,0,Darmstadt,Mainz,Draw,3.5,2.7186441180905616,1,1,1,2.5
110,2023-11-11,0,Bochum,FC Koln,Draw,3.4,3.260764465830423,1,1,1,2.4
112,2024-04-12,0,Augsburg,Union Berlin,Draw,3.4,3.3843539037878076,1,0,0,-1.0
113,2024-05-12,0,Darmstadt,Hoffenheim,Draw,4.5,3.209128149921664,1,2,0,-1.0
114,2024-05-12,0,Bayern Munich,Wolfsburg,Draw,6.0,5.4812373023371155,1,0,0,-1.0
118,2023-11-12,0,RB Leipzig,Freiburg,Draw,5.0,4.75039526648214,1,0,0,-1.0
120,2024-01-13,0,FC Koln,Heidenheim,Draw,3.6,3.29642995103776,1,1,1,2.6
121,2024-01-13,0,Freiburg,Union Berlin,Draw,3.6,3.0260399079513833,1,1,1,2.6
122,2024-01-13,0,Mainz,Wolfsburg,Draw,3.4,2.7156602690584353,1,1,1,2.4
124,2024-01-13,0,Darmstadt,Dortmund,Draw,4.5,3.384495475758011,1,2,0,-1.0
126,2024-04-13,0,Bochum,Heidenheim,Draw,3.75,3.0708617672770915,1,1,1,2.75
127,2024-04-13,0,Mainz,Hoffenheim,Draw,4.0,3.523517342118198,1,0,0,-1.0
128,2024-04-13,0,M'gladbach,Dortmund,Draw,4.0,3.9540270114774816,1,2,0,-1.0
131,2024-01-14,0,Bochum,Werder Bremen,Draw,3.6,3.167870129613476,1,1,1,2.6
133,2024-04-14,0,Darmstadt,Freiburg,Draw,3.8,2.7728332974211654,1,2,0,-1.0
135,2024-03-15,0,FC Koln,RB Leipzig,Draw,4.75,4.620952295411363,1,2,0,-1.0
137,2023-12-15,0,M'gladbach,Werder Bremen,Draw,4.0,3.738277035642399,1,1,1,3.0
138,2024-02-16,0,FC Koln,Werder Bremen,Draw,3.4,3.0039290245432757,1,2,0,-1.0
141,2024-03-16,0,Mainz,Bochum,Draw,3.8,3.649026066184076,1,0,0,-1.0
142,2024-03-16,0,Union Berlin,Werder Bremen,Draw,3.4,3.3429366918213708,1,0,0,-1.0
143,2024-03-16,0,Wolfsburg,Augsburg,Draw,3.5,2.804179413382058,1,2,0,-1.0
145,2023-09-16,0,FC Koln,Hoffenheim,Draw,3.6,3.0454559839103816,1,2,0,-1.0
146,2023-09-16,0,Freiburg,Dortmund,Draw,3.8,3.5520807626016464,1,2,0,-1.0
149,2023-09-16,0,Wolfsburg,Union Berlin,Draw,3.4,2.7428737450446246,1,0,0,-1.0
150,2023-09-16,0,Bochum,Ein Frankfurt,Draw,3.6,3.057283378352814,1,1,1,2.6
151,2023-12-16,0,Augsburg,Dortmund,Draw,4.2,3.542069229348473,1,1,1,3.2
152,2023-12-16,0,Bochum,Union Berlin,Draw,3.4,2.8051223403923364,1,0,0,-1.0
153,2023-12-16,0,Darmstadt,Wolfsburg,Draw,3.6,2.441271125567101,1,2,0,-1.0
156,2024-02-17,0,Darmstadt,Stuttgart,Draw,4.75,4.447430505801071,1,2,0,-1.0
158,2024-02-17,0,Hoffenheim,Union Berlin,Draw,3.6,3.051185101965737,1,2,0,-1.0
160,2024-02-17,0,Wolfsburg,Dortmund,Draw,3.8,3.4337794708663605,1,1,1,2.8
164,2023-09-17,0,Heidenheim,Werder Bremen,Draw,4.0,3.2446208484492423,1,0,0,-1.0
165,2023-09-17,0,Darmstadt,M'gladbach,Draw,3.5,2.7619558185307005,1,1,1,2.5
166,2023-12-17,0,Freiburg,FC Koln,Draw,3.8,2.976044545667605,1,0,0,-1.0
169,2024-02-18,0,Freiburg,Ein Frankfurt,Draw,3.4,2.9837610606374305,1,1,1,2.4
173,2024-05-18,0,Heidenheim,FC Koln,Draw,4.0,2.9814843072129604,1,0,0,-1.0
174,2024-05-18,0,Hoffenheim,Bayern Munich,Draw,4.5,4.282656521248288,1,0,0,-1.0
177,2024-05-18,0,Union Berlin,Freiburg,Draw,3.4,3.286917958131879,1,0,0,-1.0
178,2024-05-18,0,Werder Bremen,Bochum,Draw,3.6,3.266564607950906,1,0,0,-1.0
180,2023-08-18,0,Werder Bremen,Bayern Munich,Draw,6.5,4.582776623887633,1,2,0,-1.0
181,2024-04-19,0,Ein Frankfurt,Augsburg,Draw,3.75,2.8581564494912333,1,0,0,-1.0
182,2023-08-19,0,Augsburg,M'gladbach,Draw,3.6,2.9984383498828517,1,1,1,2.6
183,2023-08-19,0,Hoffenheim,Freiburg,Draw,3.6,3.1951067538601663,1,2,0,-1.0
185,2023-08-19,0,Stuttgart,Bochum,Draw,4.33,4.217801264604709,1,0,0,-1.0
186,2023-08-19,0,Wolfsburg,Heidenheim,Draw,4.2,4.1104407314967775,1,0,0,-1.0
187,2023-08-19,0,Dortmund,FC Koln,Draw,5.0,4.806761921573624,1,0,0,-1.0
190,2023-12-19,0,Hoffenheim,Darmstadt,Draw,5.0,3.6296344700620833,1,1,1,4.0
192,2024-01-20,0,Darmstadt,Ein Frankfurt,Draw,3.75,2.8701793335386374,1,1,1,2.75
193,2024-01-20,0,FC Koln,Dortmund,Draw,4.0,3.5928625806279277,1,2,0,-1.0
194,2024-01-20,0,Freiburg,Hoffenheim,Draw,3.8,3.5871005151215725,1,0,0,-1.0
197,2024-04-20,0,FC Koln,Darmstadt,Draw,4.75,2.938739027791724,1,2,0,-1.0
198,2024-04-20,0,Heidenheim,RB Leipzig,Draw,5.25,4.4101747507656,1,2,0,-1.0
199,2024-04-20,0,Hoffenheim,M'gladbach,Draw,4.0,3.0953868654097056,1,0,0,-1.0
200,2024-04-20,0,Wolfsburg,Bochum,Draw,4.0,3.7603009715150106,1,0,0,-1.0
201,2024-04-20,0,Union Berlin,Bayern Munich,Draw,4.5,4.345897850676567,1,2,0,-1.0
203,2023-08-20,0,Ein Frankfurt,Darmstadt,Draw,5.25,4.38044601533113,1,0,0,-1.0
205,2023-12-20,0,Union Berlin,FC Koln,Draw,3.6,2.7787952744138975,1,0,0,-1.0
206,2023-12-20,0,Ein Frankfurt,M'gladbach,Draw,4.0,3.3218986128536274,1,0,0,-1.0
210,2023-12-20,0,Wolfsburg,Bayern Munich,Draw,5.75,5.725020646817324,1,2,0,-1.0
212,2024-01-21,0,M'gladbach,Augsburg,Draw,3.8,2.775428330002292,1,2,0,-1.0
215,2024-04-21,0,Freiburg,Mainz,Draw,3.5,3.4788596706927417,1,1,1,2.5
216,2023-10-21,0,Darmstadt,RB Leipzig,Draw,4.75,3.974030462136419,1,2,0,-1.0
217,2023-10-21,0,Freiburg,Bochum,Draw,3.75,3.2477632976139277,1,0,0,-1.0
221,2023-10-21,0,Mainz,Bayern Munich,Draw,6.0,5.063723401004819,1,2,0,-1.0
223,2023-10-22,0,FC Koln,M'gladbach,Draw,3.6,2.504278935470902,1,0,0,-1.0
224,2023-10-22,0,Heidenheim,Augsburg,Draw,3.5,3.242694307899236,1,2,0,-1.0
226,2023-09-23,0,Augsburg,Mainz,Draw,3.5,3.1626513865223003,1,0,0,-1.0
229,2023-09-23,0,M'gladbach,RB Leipzig,Draw,4.75,3.4398369361022403,1,2,0,-1.0
231,2023-09-23,0,Werder Bremen,FC Koln,Draw,3.6,2.930624052795551,1,0,0,-1.0
233,2024-02-24,0,M'gladbach,Bochum,Draw,3.8,2.4436868426863287,1,0,0,-1.0
235,2024-02-24,0,Union Berlin,Heidenheim,Draw,3.5,3.275762088291342,1,1,1,2.5
236,2024-02-24,0,Werder Bremen,Darmstadt,Draw,4.2,3.6683952701683307,1,1,1,3.2
240,2023-11-24,0,FC Koln,Bayern Munich,Draw,7.0,5.861775340853653,1,2,0,-1.0
242,2024-02-25,0,Dortmund,Hoffenheim,Draw,5.0,4.86204013748078,1,2,0,-1.0
245,2023-11-25,0,Dortmund,M'gladbach,Draw,5.5,4.518498815557452,1,0,0,-1.0
246,2023-11-25,0,Freiburg,Darmstadt,Draw,4.33,3.966001620721136,1,1,1,3.33
252,2024-04-26,0,Bochum,Hoffenheim,Draw,4.0,2.869896365169751,1,0,0,-1.0
253,2023-08-26,0,Bochum,Dortmund,Draw,5.0,4.0111394502153015,1,1,1,4.0
254,2023-08-26,0,Darmstadt,Union Berlin,Draw,3.3,3.1915306477057976,1,2,0,-1.0
255,2023-08-26,0,FC Koln,Wolfsburg,Draw,3.4,3.3870298352607673,1,2,0,-1.0
257,2023-08-26,0,Heidenheim,Hoffenheim,Draw,3.6,3.2175678984337925,1,2,0,-1.0
259,2023-11-26,0,Heidenheim,Bochum,Draw,3.6,2.4439908214412425,1,1,1,2.6
260,2023-11-26,0,Hoffenheim,Mainz,Draw,3.8,3.3944658403263794,1,1,1,2.8
262,2024-01-27,0,Hoffenheim,Heidenheim,Draw,4.5,3.578002725007898,1,1,1,3.5
265,2024-01-27,0,Wolfsburg,FC Koln,Draw,3.75,3.5375059835184737,1,1,1,2.75
270,2024-04-27,0,RB Leipzig,Dortmund,Draw,4.33,4.30736366130201,1,0,0,-1.0
272,2023-08-27,0,Mainz,Ein Frankfurt,Draw,3.5,3.310771258206259,1,1,1,2.5
274,2023-10-27,0,Bochum,Mainz,Draw,3.3,2.7160911158869423,1,1,1,2.3
275,2024-01-28,0,Union Berlin,Darmstadt,Draw,3.8,3.4470059446416155,1,0,0,-1.0
276,2024-01-28,0,Dortmund,Bochum,Draw,5.5,4.2060578607793815,1,0,0,-1.0
277,2024-04-28,0,M'gladbach,Union Berlin,Draw,3.5,3.4868113065422643,1,1,1,2.5
278,2024-04-28,0,Mainz,FC Koln,Draw,4.33,3.9464542895553225,1,1,1,3.33
279,2024-04-28,0,Darmstadt,Heidenheim,Draw,3.75,2.6810760292447555,1,2,0,-1.0
282,2023-10-28,0,M'gladbach,Heidenheim,Draw,4.0,3.3766483616550573,1,0,0,-1.0
286,2023-09-29,0,Hoffenheim,Dortmund,Draw,4.0,3.7237083963650974,1,2,0,-1.0
291,2024-03-30,0,M'gladbach,Freiburg,Draw,3.6,3.2665395669072725,1,2,0,-1.0
295,2023-09-30,0,Bochum,M'gladbach,Draw,3.75,2.9244350071995173,1,2,0,-1.0
296,2023-09-30,0,FC Koln,Stuttgart,Draw,3.5,3.1346031888346912,1,2,0,-1.0
297,2023-09-30,0,Heidenheim,Union Berlin,Draw,3.6,3.5943489507265363,1,0,0,-1.0
301,2024-03-31,0,Augsburg,FC Koln,Draw,4.0,2.9802219796999028,1,1,1,3.0
303,2024-03-31,0,Bochum,Darmstadt,Draw,4.0,3.0497122612208782,1,1,1,3.0
305,2024-02-01,1,West Ham,Bournemouth,Draw,3.75,3.0661186855888087,1,1,1,2.75
306,2024-02-01,1,Wolves,Man United,Draw,3.6,3.597771502411532,1,2,0,-1.0
307,2023-10-01,1,Nott'm Forest,Brentford,Draw,3.1,2.8948707571770833,1,1,1,2.1
309,2024-03-02,1,Brentford,Chelsea,Draw,3.75,3.4290420593810995,1,1,1,2.75
310,2024-03-02,1,Everton,West Ham,Draw,3.6,3.476777230933182,1,2,0,-1.0
312,2024-03-02,1,Newcastle,Wolves,Draw,4.0,3.520870920115375,1,0,0,-1.0
313,2024-03-02,1,Nott'm Forest,Liverpool,Draw,4.33,3.5673218625481193,1,2,0,-1.0
315,2024-03-02,1,Luton,Aston Villa,Draw,4.2,2.8645735330470457,1,2,0,-1.0
317,2024-04-02,1,Nott'm Forest,Fulham,Draw,3.4,2.964554095651907,1,0,0,-1.0
318,2024-04-02,1,Bournemouth,Crystal Palace,Draw,3.8,3.6496677176751757,1,0,0,-1.0
319,2024-04-02,1,Burnley,Wolves,Draw,3.6,3.0081464526992887,1,1,1,2.6
322,2023-09-02,1,Sheffield United,Everton,Draw,3.25,3.034228058330505,1,1,1,2.25
324,2023-09-02,1,Burnley,Tottenham,Draw,4.0,3.7083369246899363,1,2,0,-1.0
328,2023-10-02,1,Fulham,Chelsea,Draw,3.5,3.124244985985957,1,2,0,-1.0
331,2023-12-02,1,Burnley,Sheffield United,Draw,3.6,3.356825967223958,1,0,0,-1.0
332,2023-12-02,1,Nott'm Forest,Everton,Draw,3.25,2.886893836186235,1,2,0,-1.0
335,2024-02-03,1,Brighton,Crystal Palace,Draw,4.0,3.812701640047859,1,0,0,-1.0
337,2024-02-03,1,Newcastle,Luton,Draw,4.75,4.284256436926451,1,1,1,3.75
338,2024-02-03,1,Sheffield United,Aston Villa,Draw,4.2,2.7981172648846684,1,2,0,-1.0
342,2024-04-03,1,Brentford,Brighton,Draw,3.8,3.6208788027778724,1,1,1,2.8
344,2024-05-03,1,Luton,Everton,Draw,3.6,3.086722689297613,1,1,1,2.6
345,2023-09-03,1,Crystal Palace,Wolves,Draw,3.3,3.2842185286635788,1,0,0,-1.0
346,2023-09-03,1,Liverpool,Aston Villa,Draw,4.5,3.997061823553629,1,0,0,-1.0
348,2023-10-03,1,Luton,Burnley,Draw,3.0,2.9791084159148253,1,2,0,-1.0
349,2023-12-03,1,Bournemouth,Aston Villa,Draw,4.0,3.299460188226338,1,1,1,3.0
350,2023-12-03,1,Chelsea,Brighton,Draw,4.2,3.6265485344782085,1,0,0,-1.0
354,2024-02-04,1,Bournemouth,Nott'm Forest,Draw,4.2,3.6475953663139644,1,1,1,3.2
360,2024-04-04,1,Chelsea,Man United,Draw,4.0,3.8109077847350896,1,0,0,-1.0
362,2024-05-04,1,Brentford,Fulham,Draw,3.8,3.4058712728934126,1,1,1,2.8
363,2024-05-04,1,Burnley,Newcastle,Draw,4.0,3.6409732797164502,1,2,0,-1.0
364,2024-05-04,1,Sheffield United,Nott'm Forest,Draw,4.2,2.9479722302880256,1,2,0,-1.0
366,2023-11-04,1,Fulham,Man United,Draw,3.6,2.948941317174466,1,2,0,-1.0
368,2023-11-04,1,Burnley,Crystal Palace,Draw,3.25,3.1146905985898834,1,2,0,-1.0
369,2023-11-04,1,Everton,Brighton,Draw,3.6,3.4393831945881086,1,1,1,2.6
371,2023-11-04,1,Sheffield United,Wolves,Draw,3.5,2.387054984540349,1,0,0,-1.0
374,2024-05-05,1,Brighton,Aston Villa,Draw,3.75,3.3769524367099564,1,0,0,-1.0
375,2024-05-05,1,Chelsea,West Ham,Draw,4.5,4.146531408343996,1,0,0,-1.0
376,2024-05-05,1,Liverpool,Tottenham,Draw,5.75,5.347278561685976,1,0,0,-1.0
377,2023-11-05,1,Nott'm Forest,Aston Villa,Draw,3.75,3.5623585315915753,1,0,0,-1.0
378,2023-11-05,1,Luton,Liverpool,Draw,6.5,6.361902749764694,1,1,1,5.5
379,2023-12-05,1,Wolves,Burnley,Draw,3.6,3.327718201416026,1,0,0,-1.0
382,2024-04-06,1,Aston Villa,Brentford,Draw,4.0,3.5496548938771935,1,1,1,3.0
383,2024-04-06,1,Everton,Burnley,Draw,4.0,3.5719154086987115,1,0,0,-1.0
384,2024-04-06,1,Fulham,Newcastle,Draw,3.8,3.3686858034901084,1,2,0,-1.0
385,2024-04-06,1,Luton,Bournemouth,Draw,3.8,2.8510096324902663,1,0,0,-1.0
386,2024-04-06,1,Wolves,West Ham,Draw,3.6,3.0164706419982688,1,2,0,-1.0
388,2024-05-06,1,Crystal Palace,Man United,Draw,3.75,3.2547747380108474,1,0,0,-1.0
390,2023-12-06,1,Brighton,Brentford,Draw,3.8,3.6425722991203635,1,0,0,-1.0
391,2023-12-06,1,Crystal Palace,Bournemouth,Draw,3.5,3.1470533594432286,1,2,0,-1.0
393,2023-12-06,1,Sheffield United,Liverpool,Draw,7.5,5.330765483502198,1,2,0,-1.0
396,2024-04-07,1,Man United,Liverpool,Draw,4.5,4.138785009445439,1,1,1,3.5
397,2024-04-07,1,Sheffield United,Chelsea,Draw,5.25,3.962662030423411,1,1,1,4.25
398,2024-04-07,1,Tottenham,Nott'm Forest,Draw,5.5,4.283677528741497,1,0,0,-1.0
399,2023-10-07,1,Luton,Tottenham,Draw,4.75,3.8192427820109836,1,2,0,-1.0
400,2023-10-07,1,Burnley,Chelsea,Draw,3.8,3.669527902812981,1,2,0,-1.0
401,2023-10-07,1,Everton,Bournemouth,Draw,3.6,3.2756305857330794,1,0,0,-1.0
403,2023-10-07,1,Man United,Brentford,Draw,4.2,3.7228341381373466,1,0,0,-1.0
406,2023-12-07,1,Tottenham,West Ham,Draw,4.2,3.352357015757047,1,2,0,-1.0
407,2023-10-08,1,Brighton,Liverpool,Draw,3.8,3.752141441115308,1,1,1,2.8
408,2023-10-08,1,West Ham,Newcastle,Draw,3.75,3.4864322470975355,1,1,1,2.75
409,2023-10-08,1,Wolves,Aston Villa,Draw,3.4,2.8941123540120803,1,1,1,2.4
412,2024-03-09,1,Bournemouth,Sheffield United,Draw,5.25,3.7703609728343896,1,1,1,4.25
413,2024-03-09,1,Crystal Palace,Luton,Draw,3.8,3.783421220535418,1,1,1,2.8
417,2023-12-09,1,Brighton,Burnley,Draw,4.75,3.503354199929857,1,1,1,3.75
418,2023-12-09,1,Man United,Bournemouth,Draw,4.33,3.620181316868639,1,2,0,-1.0
419,2023-12-09,1,Sheffield United,Brentford,Draw,3.8,2.9646214762657808,1,0,0,-1.0
420,2023-12-09,1,Wolves,Nott'm Forest,Draw,3.6,3.4204650376151204,1,1,1,2.6
423,2024-02-10,1,Fulham,Bournemouth,Draw,3.5,3.400366053916612,1,0,0,-1.0
425,2024-02-10,1,Luton,Sheffield United,Draw,3.75,3.7059839637691057,1,2,0,-1.0
426,2024-02-10,1,Tottenham,Brighton,Draw,4.2,3.422739529579221,1,0,0,-1.0
427,2024-02-10,1,Wolves,Brentford,Draw,3.6,3.1909425275074628,1,2,0,-1.0
428,2024-02-10,1,Nott'm Forest,Newcastle,Draw,3.75,3.6038985340469702,1,2,0,-1.0
429,2024-03-10,1,Aston Villa,Tottenham,Draw,4.0,3.4159143325651398,1,2,0,-1.0
430,2024-03-10,1,Brighton,Nott'm Forest,Draw,4.0,3.268891098067618,1,0,0,-1.0
431,2024-03-10,1,West Ham,Burnley,Draw,4.0,2.9193596679383287,1,1,1,3.0
437,2024-02-11,1,West Ham,Arsenal,Draw,4.33,3.7080021110922963,1,2,0,-1.0
438,2024-02-11,1,Aston Villa,Man United,Draw,3.75,3.1513194637513284,1,2,0,-1.0
441,2024-05-11,1,Bournemouth,Brentford,Draw,4.0,3.3454918307063766,1,2,0,-1.0
443,2024-05-11,1,Newcastle,Brighton,Draw,4.75,3.4294447539610413,1,1,1,3.75
444,2024-05-11,1,Tottenham,Burnley,Draw,5.75,5.5474346101647996,1,0,0,-1.0
445,2024-05-11,1,West Ham,Luton,Draw,4.2,3.0042319872890206,1,0,0,-1.0
446,2024-05-11,1,Wolves,Crystal Palace,Draw,3.5,3.3539001646236506,1,2,0,-1.0
447,2024-05-11,1,Nott'm Forest,Chelsea,Draw,3.8,3.3379693530684755,1,2,0,-1.0
448,2023-08-11,1,Burnley,Man City,Draw,5.5,4.495753202463726,1,2,0,-1.0
453,2023-11-11,1,Bournemouth,Newcastle,Draw,4.0,3.138734110758235,1,0,0,-1.0
454,2024-01-12,1,Burnley,Luton,Draw,3.6,2.7741479205746877,1,1,1,2.6
455,2024-02-12,1,Crystal Palace,Chelsea,Draw,3.8,3.568495130533098,1,2,0,-1.0
458,2023-08-12,1,Bournemouth,West Ham,Draw,3.4,3.0299162571904783,1,1,1,2.4
459,2023-08-12,1,Brighton,Luton,Draw,5.5,5.4147200720257675,1,0,0,-1.0
462,2023-08-12,1,Newcastle,Aston Villa,Draw,3.75,3.2299983605759954,1,0,0,-1.0
463,2023-11-12,1,Aston Villa,Fulham,Draw,4.2,3.8487236444664994,1,0,0,-1.0
465,2023-11-12,1,Liverpool,Brentford,Draw,5.0,4.913753699951579,1,0,0,-1.0
466,2023-11-12,1,West Ham,Nott'm Forest,Draw,3.6,3.0157886856886615,1,0,0,-1.0
470,2024-03-13,1,Bournemouth,Luton,Draw,4.75,3.851893546255065,1,0,0,-1.0
472,2024-04-13,1,Brentford,Sheffield United,Draw,5.0,4.381762356130632,1,0,0,-1.0
473,2024-04-13,1,Burnley,Brighton,Draw,3.75,3.257974598705562,1,1,1,2.75
475,2024-04-13,1,Nott'm Forest,Wolves,Draw,3.4,3.3187866200542686,1,1,1,2.4
476,2024-04-13,1,Bournemouth,Man United,Draw,3.9,3.830038573293835,1,1,1,2.9
477,2024-05-13,1,Aston Villa,Liverpool,Draw,4.33,3.8711277106810167,1,1,1,3.33
480,2024-01-14,1,Everton,Aston Villa,Draw,3.5,2.948609032117736,1,1,1,2.5
483,2024-04-14,1,West Ham,Fulham,Draw,3.6,3.1820322069907445,1,2,0,-1.0
490,2023-12-15,1,Nott'm Forest,Tottenham,Draw,4.2,3.0048476893232094,1,2,0,-1.0
491,2024-03-16,1,Burnley,Brentford,Draw,3.6,3.171963093974505,1,0,0,-1.0
492,2024-03-16,1,Luton,Nott'm Forest,Draw,3.5,2.6504039175915532,1,1,1,2.5
493,2024-03-16,1,Fulham,Tottenham,Draw,3.8,3.303624244930426,1,0,0,-1.0
494,2023-09-16,1,Wolves,Liverpool,Draw,5.0,4.14427849321702,1,2,0,-1.0
495,2023-09-16,1,Aston Villa,Crystal Palace,Draw,3.6,3.5525697916927688,1,0,0,-1.0
496,2023-09-16,1,Fulham,Luton,Draw,3.75,3.4661287364137734,1,0,0,-1.0
497,2023-09-16,1,Man United,Brighton,Draw,4.0,3.8714574436144744,1,2,0,-1.0
504,2023-12-16,1,Burnley,Everton,Draw,3.4,2.9911017807621567,1,2,0,-1.0
505,2024-02-17,1,Brentford,Liverpool,Draw,4.33,4.068064680897045,1,2,0,-1.0
506,2024-02-17,1,Burnley,Arsenal,Draw,5.75,5.206283534069217,1,2,0,-1.0
507,2024-02-17,1,Fulham,Aston Villa,Draw,3.75,3.5488868220190612,1,2,0,-1.0
509,2024-02-17,1,Nott'm Forest,West Ham,Draw,3.5,2.957840173245054,1,0,0,-1.0
510,2024-02-17,1,Tottenham,Wolves,Draw,4.75,3.762329339719341,1,2,0,-1.0
516,2023-12-17,1,Brentford,Aston Villa,Draw,3.75,3.470294070180481,1,2,0,-1.0
517,2023-12-17,1,West Ham,Wolves,Draw,3.5,3.261773305976044,1,0,0,-1.0
519,2024-02-18,1,Sheffield United,Brighton,Draw,4.2,3.430536306961722,1,2,0,-1.0
520,2024-02-18,1,Luton,Man United,Draw,4.0,3.164643159835675,1,2,0,-1.0
521,2023-08-18,1,Nott'm Forest,Sheffield United,Draw,3.4,3.0305807091189156,1,0,0,-1.0
522,2023-09-18,1,Nott'm Forest,Burnley,Draw,3.5,3.041040666204099,1,1,1,2.5
523,2024-02-19,1,Everton,Crystal Palace,Draw,3.6,3.358662626538224,1,1,1,2.6
525,2024-05-19,1,Brentford,Newcastle,Draw,3.9,3.8522107321072205,1,2,0,-1.0
526,2024-05-19,1,Brighton,Man United,Draw,4.0,3.943668996348232,1,2,0,-1.0
527,2024-05-19,1,Burnley,Nott'm Forest,Draw,3.5,3.296867330859226,1,2,0,-1.0
529,2024-05-19,1,Crystal Palace,Aston Villa,Draw,4.33,3.8964951617892436,1,0,0,-1.0
531,2024-05-19,1,Luton,Fulham,Draw,3.9,3.055465598479988,1,2,0,-1.0
533,2024-05-19,1,Sheffield United,Tottenham,Draw,6.0,3.341926491644995,1,2,0,-1.0
534,2023-08-19,1,Fulham,Brentford,Draw,3.3,3.12863359535479,1,2,0,-1.0
536,2023-08-19,1,Wolves,Brighton,Draw,3.8,3.3202331925272723,1,2,0,-1.0
540,2024-01-20,1,Brentford,Nott'm Forest,Draw,3.6,3.5570065148450296,1,0,0,-1.0
542,2024-04-20,1,Luton,Brentford,Draw,3.75,2.7998532001178464,1,2,0,-1.0
543,2024-04-20,1,Sheffield United,Burnley,Draw,3.6,2.4205861455653603,1,2,0,-1.0
545,2023-08-20,1,Aston Villa,Everton,Draw,4.0,3.466911884809486,1,0,0,-1.0
547,2024-01-21,1,Sheffield United,West Ham,Draw,3.3,2.863679588654258,1,1,1,2.3
548,2024-01-21,1,Bournemouth,Liverpool,Draw,4.5,4.368383051790459,1,2,0,-1.0
550,2024-04-21,1,Everton,Nott'm Forest,Draw,3.5,3.2990634981880356,1,0,0,-1.0
551,2024-04-21,1,Aston Villa,Bournemouth,Draw,4.0,3.3141709504504013,1,0,0,-1.0
556,2023-10-21,1,Bournemouth,Wolves,Draw,3.4,2.556566942011669,1,2,0,-1.0
557,2023-10-21,1,Brentford,Burnley,Draw,3.75,3.6847995442270673,1,0,0,-1.0
560,2023-10-21,1,Nott'm Forest,Luton,Draw,3.75,3.551807980050882,1,1,1,2.75
562,2023-10-21,1,Sheffield United,Man United,Draw,5.25,3.3099889257478097,1,2,0,-1.0
564,2024-01-22,1,Brighton,Wolves,Draw,4.33,3.8513131942379437,1,1,1,3.33
568,2023-09-23,1,Crystal Palace,Fulham,Draw,3.4,3.192458401469441,1,1,1,2.4
569,2023-09-23,1,Luton,Wolves,Draw,3.4,2.54821445570641,1,1,1,2.4
572,2023-09-23,1,Burnley,Man United,Draw,4.2,3.21538278472227,1,2,0,-1.0
573,2023-10-23,1,Tottenham,Fulham,Draw,4.5,4.248827910539306,1,0,0,-1.0
575,2023-12-23,1,Fulham,Burnley,Draw,3.75,3.0867679330029594,1,2,0,-1.0
576,2023-12-23,1,Luton,Newcastle,Draw,4.2,4.148915082044239,1,0,0,-1.0
577,2023-12-23,1,Nott'm Forest,Bournemouth,Draw,3.4,2.6498326812469277,1,2,0,-1.0
578,2023-12-23,1,Tottenham,Everton,Draw,4.2,3.8648053822359008,1,0,0,-1.0
580,2024-02-24,1,Aston Villa,Nott'm Forest,Draw,4.5,4.393563239694294,1,0,0,-1.0
581,2024-02-24,1,Brighton,Everton,Draw,3.8,3.798914099737976,1,1,1,2.8
582,2024-02-24,1,Crystal Palace,Burnley,Draw,3.5,3.1744577598648105,1,0,0,-1.0
583,2024-02-24,1,Man United,Fulham,Draw,4.33,3.7610469587606112,1,2,0,-1.0
584,2024-02-24,1,Bournemouth,Man City,Draw,5.25,4.429722853929125,1,2,0,-1.0
586,2024-04-24,1,Wolves,Bournemouth,Draw,3.6,2.634974948755547,1,2,0,-1.0
589,2024-04-24,1,Man United,Sheffield United,Draw,6.5,4.632095083269162,1,0,0,-1.0
591,2023-09-24,1,Brighton,Bournemouth,Draw,5.25,4.38321081455705,1,0,0,-1.0
592,2023-09-24,1,Chelsea,Aston Villa,Draw,3.75,3.6156152905891226,1,2,0,-1.0
594,2023-09-24,1,Sheffield United,Newcastle,Draw,4.75,3.4887720919819207,1,2,0,-1.0
595,2023-12-24,1,Wolves,Chelsea,Draw,3.75,2.784146260692431,1,0,0,-1.0
596,2024-02-25,1,Wolves,Sheffield United,Draw,4.75,3.921181388033089,1,0,0,-1.0
598,2023-08-25,1,Chelsea,Luton,Draw,5.5,5.168171757987344,1,0,0,-1.0
600,2023-11-25,1,Burnley,West Ham,Draw,3.5,3.164674124609125,1,2,0,-1.0
601,2023-11-25,1,Luton,Crystal Palace,Draw,3.3,3.0185529490519856,1,0,0,-1.0
602,2023-11-25,1,Newcastle,Chelsea,Draw,3.5,3.355292317722287,1,0,0,-1.0
603,2023-11-25,1,Nott'm Forest,Brighton,Draw,3.6,2.8458011570188204,1,2,0,-1.0
604,2023-11-25,1,Sheffield United,Bournemouth,Draw,3.5,2.633714880117196,1,2,0,-1.0
611,2023-08-26,1,Man United,Nott'm Forest,Draw,6.0,4.7479677393639985,1,0,0,-1.0
612,2023-08-26,1,Brighton,West Ham,Draw,4.75,3.9584864803904494,1,2,0,-1.0
616,2023-12-26,1,Bournemouth,Fulham,Draw,3.6,3.1457900165917185,1,0,0,-1.0
617,2023-12-26,1,Sheffield United,Luton,Draw,3.3,2.6479480697933555,1,2,0,-1.0
618,2023-12-26,1,Burnley,Liverpool,Draw,5.25,4.255359105401087,1,2,0,-1.0
620,2024-04-27,1,West Ham,Liverpool,Draw,5.0,4.458982980627654,1,1,1,4.0
621,2024-04-27,1,Fulham,Crystal Palace,Draw,3.5,3.4699076846146246,1,1,1,2.5
622,2024-04-27,1,Man United,Burnley,Draw,4.75,3.96081003547124,1,1,1,3.75
626,2024-04-27,1,Aston Villa,Chelsea,Draw,3.8,3.3969251537321212,1,1,1,2.8
627,2023-08-27,1,Burnley,Aston Villa,Draw,3.4,3.3521173795906494,1,2,0,-1.0
628,2023-08-27,1,Sheffield United,Man City,Draw,8.0,6.566762105994691,1,2,0,-1.0
633,2023-12-27,1,Chelsea,Crystal Palace,Draw,4.0,3.57187060600412,1,0,0,-1.0
635,2024-04-28,1,Bournemouth,Brighton,Draw,3.8,3.311742789701099,1,0,0,-1.0
637,2024-04-28,1,Nott'm Forest,Man City,Draw,6.0,5.602348784383986,1,2,0,-1.0
638,2023-10-28,1,Chelsea,Brentford,Draw,4.0,3.3114086578624407,1,2,0,-1.0
640,2023-10-28,1,Bournemouth,Burnley,Draw,3.5,3.414348174528516,1,0,0,-1.0
642,2023-12-28,1,Brighton,Tottenham,Draw,3.6,3.4233005145015594,1,0,0,-1.0
646,2023-10-29,1,Brighton,Fulham,Draw,4.2,3.5602424035912774,1,1,1,3.2
649,2024-01-30,1,Nott'm Forest,Arsenal,Draw,5.0,4.170361874680719,1,2,0,-1.0
651,2024-01-30,1,Luton,Brighton,Draw,4.2,2.9420916378888835,1,0,0,-1.0
652,2024-01-30,1,Crystal Palace,Sheffield United,Draw,3.6,3.5306114950949063,1,0,0,-1.0
655,2024-03-30,1,Bournemouth,Everton,Draw,3.6,3.5691841015408627,1,0,0,-1.0
656,2024-03-30,1,Chelsea,Burnley,Draw,6.0,5.023702059066131,1,1,1,5.0
657,2024-03-30,1,Nott'm Forest,Crystal Palace,Draw,3.3,3.0737636339976344,1,1,1,2.3
658,2024-03-30,1,Sheffield United,Fulham,Draw,4.0,2.8129602532851843,1,1,1,3.0
659,2024-03-30,1,Tottenham,Luton,Draw,8.0,7.777029148370538,1,0,0,-1.0
661,2024-03-30,1,Brentford,Man United,Draw,3.8,3.5935709958564295,1,1,1,2.8
662,2023-09-30,1,Aston Villa,Brighton,Draw,3.75,3.1934459317028687,1,0,0,-1.0
670,2023-12-30,1,Luton,Chelsea,Draw,4.2,3.8036048114796674,1,2,0,-1.0
672,2023-12-30,1,Crystal Palace,Brentford,Draw,3.3,3.2280419935790623,1,0,0,-1.0
675,2023-12-30,1,Nott'm Forest,Man United,Draw,3.6,3.291465199353061,1,0,0,-1.0
677,2024-01-31,1,Tottenham,Brentford,Draw,4.2,3.552151375611544,1,0,0,-1.0
678,2024-01-31,1,Liverpool,Chelsea,Draw,4.33,4.245010480535847,1,0,0,-1.0
679,2024-03-31,1,Liverpool,Brighton,Draw,5.5,5.0851718497195195,1,0,0,-1.0
682,2023-12-31,1,Tottenham,Bournemouth,Draw,4.2,3.9545525891618847,1,0,0,-1.0
683,2024-03-01,2,Monaco,Paris SG,Draw,3.8,3.6781263624143263,1,1,1,2.8
686,2023-10-01,2,Nice,Brest,Draw,3.8,3.439543516000631,1,1,1,2.8
687,2023-10-01,2,Toulouse,Metz,Draw,3.6,2.921604429665721,1,0,0,-1.0
691,2024-02-02,2,Strasbourg,Paris SG,Draw,4.5,3.992433116791086,1,2,0,-1.0
701,2024-03-03,2,Brest,Le Havre,Draw,4.0,3.938319183638394,1,0,0,-1.0
706,2024-05-03,2,Toulouse,Montpellier,Draw,3.8,3.3697680662664813,1,2,0,-1.0
707,2024-05-03,2,Lens,Lorient,Draw,5.0,4.659127829808134,1,0,0,-1.0
708,2023-09-03,2,Toulouse,Clermont,Draw,3.6,3.0099699238163575,1,1,1,2.6
709,2023-09-03,2,Le Havre,Lorient,Draw,3.25,2.936266466358859,1,0,0,-1.0
713,2023-09-03,2,Lyon,Paris SG,Draw,4.75,4.119352572965629,1,2,0,-1.0
717,2023-12-03,2,Monaco,Montpellier,Draw,4.2,3.961154230794098,1,0,0,-1.0
718,2023-12-03,2,Toulouse,Lorient,Draw,3.25,2.8064706890814475,1,1,1,2.25
723,2024-02-04,2,Metz,Lorient,Draw,3.1,2.8422839955775867,1,2,0,-1.0
728,2024-05-04,2,Monaco,Clermont,Draw,6.0,5.288533048169424,1,0,0,-1.0
729,2024-05-04,2,Metz,Rennes,Draw,3.6,3.5289291587404312,1,2,0,-1.0
730,2024-05-04,2,Brest,Nantes,Draw,3.8,3.7508394655582307,1,1,1,2.8
734,2023-11-05,2,Lyon,Metz,Draw,3.8,3.2694158042029198,1,1,1,2.8
736,2023-11-05,2,Strasbourg,Clermont,Draw,3.2,2.421037763818449,1,1,1,2.2
743,2023-10-06,2,Strasbourg,Nantes,Draw,3.25,2.962959574311628,1,2,0,-1.0
746,2024-04-07,2,Montpellier,Lorient,Draw,3.8,3.2375062734298807,1,0,0,-1.0
748,2024-04-07,2,Toulouse,Strasbourg,Draw,3.6,3.340200061524394,1,1,1,2.6
750,2024-04-07,2,Nantes,Lyon,Draw,3.25,2.92605577124378,1,2,0,-1.0
751,2023-10-07,2,Metz,Nice,Draw,3.8,3.5702999350368247,1,2,0,-1.0
757,2023-10-08,2,Lyon,Lorient,Draw,4.2,3.410067390839593,1,1,1,3.2
762,2024-03-09,2,Lorient,Lyon,Draw,3.4,3.374636845263131,1,2,0,-1.0
770,2024-03-10,2,Metz,Clermont,Draw,3.3,2.7086529617125965,1,0,0,-1.0
774,2024-05-10,2,Brest,Reims,Draw,4.0,3.6884021235906883,1,1,1,3.0
778,2023-12-10,2,Clermont,Lille,Draw,3.5,3.024495161110124,1,1,1,2.5
779,2023-12-10,2,Metz,Brest,Draw,3.2,3.1464411998723514,1,2,0,-1.0
783,2024-02-11,2,Le Havre,Rennes,Draw,3.3,3.037845248767055,1,2,0,-1.0
784,2024-02-11,2,Clermont,Brest,Draw,3.3,3.074501187286552,1,1,1,2.3
785,2024-02-11,2,Lorient,Reims,Draw,3.5,3.1634561513139867,1,0,0,-1.0
786,2024-02-11,2,Toulouse,Nantes,Draw,3.3,3.0752459250391224,1,2,0,-1.0
790,2023-11-11,2,Reims,Paris SG,Draw,4.33,4.236376149116753,1,2,0,-1.0
794,2024-05-12,2,Clermont,Lyon,Draw,4.5,4.012664680374437,1,2,0,-1.0
797,2024-05-12,2,Nantes,Lille,Draw,3.5,3.103607346056265,1,2,0,-1.0
798,2024-05-12,2,Paris SG,Toulouse,Draw,6.0,4.98956482448323,1,2,0,-1.0
799,2024-05-12,2,Rennes,Lens,Draw,3.4,3.3830339550036284,1,1,1,2.4
800,2024-05-12,2,Strasbourg,Metz,Draw,3.6,3.4103874280149253,1,0,0,-1.0
802,2023-08-12,2,Paris SG,Lorient,Draw,5.5,5.3805915611802435,1,1,1,4.5
803,2023-11-12,2,Clermont,Lorient,Draw,3.3,3.1969311635050044,1,0,0,-1.0
804,2023-11-12,2,Lille,Toulouse,Draw,4.2,4.068899594736942,1,1,1,3.2
805,2023-11-12,2,Metz,Nantes,Draw,3.25,3.1848041362495034,1,0,0,-1.0
810,2024-04-13,2,Strasbourg,Reims,Draw,3.25,3.188457378618239,1,0,0,-1.0
814,2023-08-13,2,Montpellier,Le Havre,Draw,3.6,3.367963274239322,1,1,1,2.6
815,2023-08-13,2,Nantes,Toulouse,Draw,3.4,3.080511430578019,1,2,0,-1.0
818,2024-01-14,2,Lille,Lorient,Draw,5.0,4.26942307173732,1,0,0,-1.0
819,2024-01-14,2,Brest,Montpellier,Draw,3.75,3.678513923361601,1,0,0,-1.0
821,2024-01-14,2,Nantes,Clermont,Draw,3.5,3.0351812544508214,1,2,0,-1.0
825,2024-04-14,2,Clermont,Montpellier,Draw,3.5,3.0836149823019974,1,1,1,2.5
830,2023-09-15,2,Paris SG,Nice,Draw,4.5,4.3789881127206165,1,2,0,-1.0
834,2024-03-16,2,Lens,Nice,Draw,3.4,3.392536713428602,1,2,0,-1.0
836,2023-09-16,2,Lens,Metz,Draw,4.33,3.7495243950219503,1,2,0,-1.0
838,2023-12-16,2,Lens,Reims,Draw,3.75,3.168124632014749,1,0,0,-1.0
840,2024-02-17,2,Nantes,Paris SG,Draw,4.5,3.8660722743590084,1,2,0,-1.0
844,2024-03-17,2,Reims,Metz,Draw,4.0,3.731905895637431,1,0,0,-1.0
846,2024-03-17,2,Montpellier,Paris SG,Draw,4.5,3.8062787421346833,1,2,0,-1.0
847,2023-09-17,2,Lorient,Monaco,Draw,3.75,3.4454371087029,1,1,1,2.75
848,2023-09-17,2,Clermont,Nantes,Draw,3.6,3.1990267759933997,1,2,0,-1.0
850,2023-09-17,2,Strasbourg,Montpellier,Draw,3.6,3.457997308993461,1,1,1,2.6
851,2023-09-17,2,Marseille,Toulouse,Draw,4.75,4.682603687861136,1,1,1,3.75
852,2023-09-17,2,Lyon,Le Havre,Draw,4.0,3.90889147750157,1,1,1,3.0
855,2023-12-17,2,Metz,Montpellier,Draw,3.3,2.794862526828634,1,2,0,-1.0
857,2023-12-17,2,Marseille,Clermont,Draw,5.0,4.5015026306906645,1,0,0,-1.0
861,2024-02-18,2,Montpellier,Metz,Draw,3.7,3.301115444498987,1,0,0,-1.0
865,2023-08-18,2,Metz,Marseille,Draw,4.0,2.916448130316968,1,1,1,3.0
866,2024-04-19,2,Nice,Lorient,Draw,4.33,3.7694460570905384,1,0,0,-1.0
867,2024-05-19,2,Le Havre,Marseille,Draw,3.6,3.2877412463335935,1,2,0,-1.0
868,2024-05-19,2,Lens,Montpellier,Draw,4.75,4.008516551238765,1,1,1,3.75
870,2024-05-19,2,Lorient,Clermont,Draw,4.0,3.3363328206692353,1,0,0,-1.0
873,2024-05-19,2,Monaco,Nantes,Draw,5.0,4.408686082627968,1,0,0,-1.0
879,2024-04-20,2,Lens,Clermont,Draw,4.75,4.542014982525829,1,0,0,-1.0
880,2023-08-20,2,Lille,Nantes,Draw,5.0,4.634369486014174,1,0,0,-1.0
883,2023-08-20,2,Reims,Clermont,Draw,3.75,3.127672103097134,1,0,0,-1.0
889,2023-12-20,2,Lyon,Nantes,Draw,4.33,3.283662026152596,1,0,0,-1.0
893,2023-12-20,2,Reims,Le Havre,Draw,4.0,3.5955931387967053,1,0,0,-1.0
896,2024-04-21,2,Le Havre,Metz,Draw,3.2,2.851255591761352,1,2,0,-1.0
910,2023-10-22,2,Lyon,Clermont,Draw,3.75,2.8615998522567563,1,2,0,-1.0
911,2024-02-23,2,Metz,Lyon,Draw,3.4,2.8402744540448484,1,2,0,-1.0
912,2023-09-23,2,Nantes,Lorient,Draw,3.4,3.0736981561404257,1,0,0,-1.0
914,2024-02-24,2,Lorient,Nantes,Draw,3.2,2.9862489968245174,1,2,0,-1.0
919,2023-09-24,2,Metz,Strasbourg,Draw,3.25,2.692391168237839,1,2,0,-1.0
920,2023-09-24,2,Le Havre,Clermont,Draw,3.3,2.6088189600713245,1,0,0,-1.0
921,2023-09-24,2,Lens,Toulouse,Draw,3.8,3.752438183653121,1,0,0,-1.0
930,2024-02-25,2,Marseille,Montpellier,Draw,4.0,3.778879621450026,1,0,0,-1.0
931,2023-08-25,2,Nantes,Monaco,Draw,3.8,3.7024464380760316,1,1,1,2.8
932,2023-11-25,2,Clermont,Lens,Draw,3.5,3.153795128429592,1,2,0,-1.0
933,2023-11-25,2,Strasbourg,Marseille,Draw,3.6,3.0159067702358797,1,1,1,2.6
940,2023-11-26,2,Lorient,Metz,Draw,3.5,2.8344613529492313,1,2,0,-1.0
944,2023-11-26,2,Lyon,Lille,Draw,3.3,3.0623595797197236,1,2,0,-1.0
946,2024-01-27,2,Marseille,Monaco,Draw,3.6,3.488597655919301,1,1,1,2.6
949,2023-08-27,2,Clermont,Metz,Draw,3.6,3.127253110109493,1,2,0,-1.0
950,2023-08-27,2,Montpellier,Reims,Draw,3.4,3.246475761809109,1,2,0,-1.0
951,2023-08-27,2,Strasbourg,Toulouse,Draw,3.5,3.3218184056574436,1,0,0,-1.0
952,2023-08-27,2,Lorient,Lille,Draw,3.6,3.0530097028497716,1,0,0,-1.0
953,2023-08-27,2,Nice,Lyon,Draw,3.6,3.4313152480259994,1,1,1,2.6
955,2024-01-28,2,Montpellier,Lille,Draw,3.6,2.804334465920102,1,1,1,2.6
956,2024-01-28,2,Clermont,Strasbourg,Draw,3.2,3.001574950101921,1,1,1,2.2
959,2024-01-28,2,Toulouse,Lens,Draw,3.6,3.3442855984555715,1,2,0,-1.0
961,2024-04-28,2,Metz,Lille,Draw,3.75,3.090429731811647,1,2,0,-1.0
962,2024-04-28,2,Clermont,Reims,Draw,3.5,3.404877998303462,1,0,0,-1.0
963,2024-04-28,2,Lorient,Toulouse,Draw,3.4,3.0920428206821047,1,2,0,-1.0
966,2024-04-28,2,Lyon,Monaco,Draw,3.75,3.319332891738165,1,0,0,-1.0
968,2023-10-28,2,Reims,Lorient,Draw,4.0,3.7190143124430493,1,0,0,-1.0
973,2023-10-29,2,Lille,Monaco,Draw,3.75,3.441542259387347,1,0,0,-1.0
975,2023-10-29,2,Montpellier,Toulouse,Draw,4.0,3.268813393625037,1,0,0,-1.0
977,2023-11-29,2,Montpellier,Clermont,Draw,3.6,3.24050379794319,1,1,1,2.6
978,2024-03-30,2,Metz,Monaco,Draw,4.2,3.2459999318089583,1,2,0,-1.0
979,2024-03-30,2,Lyon,Reims,Draw,3.6,3.484207966302232,1,1,1,2.6
983,2024-03-31,2,Clermont,Toulouse,Draw,3.4,3.2462516934373773,1,2,0,-1.0
990,2024-04-01,3,Cagliari,Verona,Draw,3.2,3.1974153948184725,1,1,1,2.2
994,2023-09-01,3,Sassuolo,Verona,Draw,3.6,3.5549338634674794,1,0,0,-1.0
996,2023-10-01,3,Bologna,Empoli,Draw,4.0,3.9433604243549194,1,0,0,-1.0
1007,2023-09-02,3,Udinese,Frosinone,Draw,3.6,3.55775001029638,1,1,1,2.6
1008,2023-09-02,3,Atalanta,Monza,Draw,4.0,3.929826264898426,1,0,0,-1.0
1010,2023-10-02,3,Sassuolo,Monza,Draw,3.75,3.1177965591254457,1,2,0,-1.0
1013,2023-12-02,3,Genoa,Empoli,Draw,3.6,2.9625205230789957,1,1,1,2.6
1014,2023-12-02,3,Lazio,Cagliari,Draw,4.0,3.138243805452906,1,0,0,-1.0
1015,2023-12-02,3,Milan,Frosinone,Draw,4.5,4.378762059625005,1,0,0,-1.0
1016,2024-02-03,3,Empoli,Genoa,Draw,3.0,2.8526155116966505,1,1,1,2.0
1017,2024-02-03,3,Udinese,Monza,Draw,3.3,3.044644657620881,1,1,1,2.3
1018,2024-02-03,3,Frosinone,Milan,Draw,4.2,3.5533011368766707,1,2,0,-1.0
1020,2024-03-03,3,Verona,Sassuolo,Draw,3.4,3.3845027506542698,1,0,0,-1.0
1021,2024-03-03,3,Empoli,Cagliari,Draw,3.25,2.7360947212182767,1,2,0,-1.0
1022,2024-03-03,3,Frosinone,Lecce,Draw,3.3,3.1641039515713483,1,1,1,2.3
1028,2023-09-03,3,Empoli,Juventus,Draw,3.8,3.5579566664177533,1,2,0,-1.0
1032,2023-12-03,3,Fiorentina,Salernitana,Draw,4.75,4.5506510760723975,1,0,0,-1.0
1041,2024-05-04,3,Monza,Lazio,Draw,3.75,3.02571753634149,1,1,1,2.75
1043,2023-11-04,3,Salernitana,Napoli,Draw,4.75,3.454393734264354,1,2,0,-1.0
1049,2024-04-05,3,Salernitana,Sassuolo,Draw,3.5,2.9029808555691905,1,1,1,2.5
1051,2024-05-05,3,Empoli,Frosinone,Draw,3.3,2.674016972940145,1,1,1,2.3
1055,2023-11-05,3,Verona,Monza,Draw,3.25,3.042916637313141,1,2,0,-1.0
1056,2023-11-05,3,Cagliari,Genoa,Draw,3.2,2.8549316229258412,1,0,0,-1.0
1060,2024-01-06,3,Frosinone,Monza,Draw,3.3,3.0073884689105235,1,2,0,-1.0
1061,2024-01-06,3,Lecce,Cagliari,Draw,3.25,3.1980260131658342,1,1,1,2.25
1062,2024-01-06,3,Sassuolo,Fiorentina,Draw,3.5,3.287297208553387,1,0,0,-1.0
1066,2024-05-06,3,Salernitana,Atalanta,Draw,5.5,3.4404720416340435,1,2,0,-1.0
1069,2023-10-06,3,Lecce,Sassuolo,Draw,3.4,3.274270992074782,1,1,1,2.4
1070,2023-11-06,3,Frosinone,Empoli,Draw,3.6,3.142359059561318,1,0,0,-1.0
1075,2024-01-07,3,Salernitana,Juventus,Draw,4.5,3.766076128638949,1,2,0,-1.0
1078,2024-04-07,3,Monza,Napoli,Draw,3.8,3.4561282377034748,1,2,0,-1.0
1079,2024-04-07,3,Cagliari,Atalanta,Draw,3.8,3.1138733419573827,1,0,0,-1.0
1086,2024-04-08,3,Udinese,Inter,Draw,4.5,4.1737595965148495,1,2,0,-1.0
1087,2023-10-08,3,Monza,Salernitana,Draw,3.8,3.698902380351,1,0,0,-1.0
1088,2023-10-08,3,Frosinone,Verona,Draw,3.3,3.2653385179008456,1,0,0,-1.0
1089,2023-10-08,3,Lazio,Atalanta,Draw,3.3,3.090051693242091,1,0,0,-1.0
1091,2023-10-08,3,Napoli,Fiorentina,Draw,4.2,3.871482029416432,1,2,0,-1.0
1093,2024-02-09,3,Salernitana,Empoli,Draw,3.2,2.793325596237146,1,2,0,-1.0
1094,2024-03-09,3,Cagliari,Salernitana,Draw,3.6,2.9368196435010105,1,0,0,-1.0
1095,2024-03-09,3,Sassuolo,Frosinone,Draw,3.6,3.5694991648277825,1,0,0,-1.0
1098,2023-12-09,3,Verona,Lazio,Draw,3.4,3.1107212809968448,1,1,1,2.4
1100,2023-12-09,3,Inter,Udinese,Draw,6.5,6.451340498934862,1,0,0,-1.0
1104,2024-03-10,3,Lecce,Verona,Draw,3.25,3.1376604859706343,1,2,0,-1.0
1105,2024-03-10,3,Milan,Empoli,Draw,5.0,4.884506186417064,1,0,0,-1.0
1109,2023-11-10,3,Sassuolo,Salernitana,Draw,4.2,3.4994214982824956,1,1,1,3.2
1113,2023-12-10,3,Salernitana,Bologna,Draw,3.3,2.946289851610252,1,2,0,-1.0
1115,2024-02-11,3,Fiorentina,Frosinone,Draw,4.33,3.9446774422595534,1,0,0,-1.0
1116,2024-02-11,3,Bologna,Lecce,Draw,3.6,3.5584273587685855,1,0,0,-1.0
1118,2024-02-11,3,Genoa,Atalanta,Draw,3.3,3.2306276332019763,1,2,0,-1.0
1126,2023-12-11,3,Empoli,Lecce,Draw,3.2,2.867031980994631,1,1,1,2.2
1127,2023-12-11,3,Cagliari,Sassuolo,Draw,3.5,3.223600481800608,1,0,0,-1.0
1131,2024-05-12,3,Genoa,Sassuolo,Draw,3.5,3.274375925159745,1,0,0,-1.0
1135,2023-11-12,3,Napoli,Empoli,Draw,7.0,6.124634415759854,1,2,0,-1.0
1137,2023-11-12,3,Udinese,Atalanta,Draw,3.5,3.4190678113678397,1,1,1,2.5
1141,2024-01-13,3,Napoli,Salernitana,Draw,5.0,4.103258358227753,1,0,0,-1.0
1142,2024-01-13,3,Verona,Empoli,Draw,3.25,3.2064200778961993,1,0,0,-1.0
1144,2024-04-13,3,Lecce,Empoli,Draw,3.1,2.9802431364018305,1,0,0,-1.0
1147,2024-05-13,3,Lecce,Udinese,Draw,3.1,3.0607706889000115,1,2,0,-1.0
1154,2024-04-14,3,Napoli,Frosinone,Draw,5.5,3.804012449951249,1,1,1,4.5
1157,2024-01-15,3,Atalanta,Frosinone,Draw,4.5,4.342429238595114,1,0,0,-1.0
1165,2024-03-16,3,Monza,Cagliari,Draw,3.5,2.978930545082337,1,0,0,-1.0
1167,2024-03-16,3,Salernitana,Lecce,Draw,3.2,2.7510743015245804,1,2,0,-1.0
1168,2024-03-16,3,Frosinone,Lazio,Draw,3.4,3.241266132575115,1,2,0,-1.0
1171,2023-09-16,3,Genoa,Napoli,Draw,3.8,3.1748095583682137,1,1,1,2.8
1172,2023-12-16,3,Lecce,Frosinone,Draw,3.3,2.6957232163249034,1,0,0,-1.0
1180,2024-03-17,3,Roma,Sassuolo,Draw,4.75,4.110041257940524,1,0,0,-1.0
1184,2023-09-17,3,Frosinone,Sassuolo,Draw,3.4,2.39998012631921,1,0,0,-1.0
1185,2023-09-17,3,Monza,Lecce,Draw,3.4,3.1873783376654448,1,1,1,2.4
1187,2023-09-17,3,Roma,Empoli,Draw,4.5,4.190600385362328,1,0,0,-1.0
1188,2023-12-17,3,Milan,Monza,Draw,4.33,4.081438100008185,1,0,0,-1.0
1189,2023-12-17,3,Fiorentina,Verona,Draw,5.0,4.646861762214518,1,0,0,-1.0
1190,2023-12-17,3,Udinese,Sassuolo,Draw,3.5,3.0596552614028782,1,1,1,2.5
1194,2024-02-18,3,Empoli,Fiorentina,Draw,3.3,2.9317045154523464,1,1,1,2.3
1196,2024-02-18,3,Frosinone,Roma,Draw,3.75,3.4383241115084084,1,2,0,-1.0
1205,2024-05-19,3,Sassuolo,Cagliari,Draw,3.3,2.8390242435981525,1,2,0,-1.0
1206,2024-05-19,3,Monza,Frosinone,Draw,3.4,2.8548585890839164,1,2,0,-1.0
1207,2024-05-19,3,Udinese,Empoli,Draw,3.4,2.9642604271215283,1,1,1,2.4
1210,2023-08-19,3,Empoli,Verona,Draw,3.2,2.925373162749682,1,2,0,-1.0
1211,2023-08-19,3,Frosinone,Napoli,Draw,5.0,3.96556653601238,1,2,0,-1.0
1215,2024-01-20,3,Udinese,Milan,Draw,3.8,3.226606074425835,1,2,0,-1.0
1216,2024-04-20,3,Empoli,Napoli,Draw,4.0,3.379365830425123,1,0,0,-1.0
1218,2024-05-20,3,Salernitana,Verona,Draw,3.8,2.985421353252,1,2,0,-1.0
1222,2023-08-20,3,Lecce,Lazio,Draw,3.3,3.071618209052256,1,0,0,-1.0
1224,2024-01-21,3,Frosinone,Cagliari,Draw,3.4,3.1625794425636884,1,0,0,-1.0
1225,2024-01-21,3,Empoli,Monza,Draw,3.3,2.8627550568828974,1,0,0,-1.0
1226,2024-01-21,3,Salernitana,Genoa,Draw,3.2,2.5708870556450867,1,2,0,-1.0
1228,2024-04-21,3,Sassuolo,Lecce,Draw,3.3,2.863056074334927,1,2,0,-1.0
1230,2024-04-21,3,Salernitana,Fiorentina,Draw,4.0,3.5857248805906,1,2,0,-1.0
1236,2023-10-21,3,Sassuolo,Lazio,Draw,3.5,2.662724085203595,1,2,0,-1.0
1240,2023-09-22,3,Salernitana,Frosinone,Draw,3.2,2.9294816390254024,1,1,1,2.2
1241,2023-09-22,3,Lecce,Genoa,Draw,3.2,3.191623542150081,1,0,0,-1.0
1242,2023-10-22,3,Roma,Monza,Draw,3.6,3.5889566999438816,1,0,0,-1.0
1244,2023-10-22,3,Salernitana,Cagliari,Draw,3.2,3.078006659632008,1,1,1,2.2
1248,2023-12-22,3,Sassuolo,Genoa,Draw,3.3,2.5517949204384376,1,2,0,-1.0
1250,2023-12-22,3,Salernitana,Milan,Draw,4.5,3.5584975594445667,1,1,1,3.5
1254,2023-09-23,3,Sassuolo,Juventus,Draw,4.0,3.63964935729453,1,0,0,-1.0
1255,2023-09-23,3,Lazio,Monza,Draw,3.8,3.620687600651643,1,1,1,2.8
1256,2023-10-23,3,Udinese,Lecce,Draw,3.3,3.261274377211069,1,1,1,2.3
1262,2023-12-23,3,Verona,Cagliari,Draw,3.25,3.1522181656930326,1,0,0,-1.0
1264,2024-02-24,3,Sassuolo,Empoli,Draw,3.4,3.241483806625036,1,2,0,-1.0
1265,2024-02-24,3,Salernitana,Monza,Draw,3.1,2.822509809064696,1,2,0,-1.0
1270,2023-09-24,3,Udinese,Fiorentina,Draw,3.5,3.4669970271622206,1,2,0,-1.0
1274,2024-02-25,3,Cagliari,Napoli,Draw,3.75,3.2624083016094074,1,1,1,2.75
1277,2024-04-25,3,Udinese,Roma,Draw,3.4,3.2790688292740806,1,2,0,-1.0
1283,2024-01-26,3,Cagliari,Torino,Draw,3.2,2.90859160845167,1,2,0,-1.0
1286,2024-04-26,3,Frosinone,Salernitana,Draw,4.75,4.703963102762353,1,0,0,-1.0
1287,2024-05-26,3,Atalanta,Torino,Draw,3.5,3.3057961196978174,1,0,0,-1.0
1288,2024-05-26,3,Napoli,Lecce,Draw,5.0,4.063283715481751,1,1,1,4.0
1290,2024-05-26,3,Frosinone,Udinese,Draw,3.25,3.0543024887052854,1,2,0,-1.0
1291,2024-05-26,3,Lazio,Sassuolo,Draw,5.25,4.979536714418616,1,1,1,4.25
1293,2023-08-26,3,Frosinone,Atalanta,Draw,4.0,3.8867810800639204,1,0,0,-1.0
1295,2023-08-26,3,Milan,Torino,Draw,3.8,3.760735544441975,1,0,0,-1.0
1298,2023-11-26,3,Cagliari,Monza,Draw,3.25,3.130635030240256,1,1,1,2.25
1299,2023-11-26,3,Empoli,Sassuolo,Draw,3.6,3.111682065261376,1,2,0,-1.0
1303,2024-01-27,3,Atalanta,Udinese,Draw,4.5,4.085493328316174,1,0,0,-1.0
1309,2023-08-27,3,Fiorentina,Lecce,Draw,4.2,3.8320807956276925,1,1,1,3.2
1313,2023-09-27,3,Cagliari,Milan,Draw,3.8,3.7063550575931092,1,2,0,-1.0
1314,2023-09-27,3,Empoli,Salernitana,Draw,3.3,3.1842365382408673,1,0,0,-1.0
1317,2023-09-27,3,Lazio,Torino,Draw,3.25,3.1319451301594974,1,0,0,-1.0
1321,2023-11-27,3,Bologna,Torino,Draw,3.25,3.121287068619894,1,0,0,-1.0
1330,2024-04-28,3,Bologna,Udinese,Draw,3.8,3.754662734661058,1,1,1,2.8
1331,2024-04-28,3,Atalanta,Empoli,Draw,4.5,4.491058900441391,1,0,0,-1.0
1333,2024-04-28,3,Fiorentina,Sassuolo,Draw,3.8,3.4993422188601935,1,0,0,-1.0
1334,2023-08-28,3,Salernitana,Udinese,Draw,3.2,2.803670822930265,1,1,1,2.2
1335,2023-08-28,3,Cagliari,Inter,Draw,4.5,4.282994986303059,1,2,0,-1.0
1339,2023-10-28,3,Sassuolo,Bologna,Draw,3.4,3.0056335303401363,1,1,1,2.4
1340,2023-10-28,3,Lecce,Torino,Draw,3.0,2.678737244765529,1,2,0,-1.0
1342,2024-01-29,3,Salernitana,Roma,Draw,3.8,3.3284326440759924,1,2,0,-1.0
1344,2023-10-29,3,Cagliari,Frosinone,Draw,3.3,3.2730108723205755,1,0,0,-1.0
1345,2023-10-29,3,Monza,Udinese,Draw,3.6,3.3761997978510383,1,1,1,2.6
1348,2023-12-29,3,Fiorentina,Torino,Draw,3.2,3.163967823958219,1,0,0,-1.0
1354,2024-03-30,3,Torino,Monza,Draw,3.4,3.310341142564054,1,0,0,-1.0
1357,2023-09-30,3,Lecce,Napoli,Draw,3.8,3.629931863356508,1,2,0,-1.0
1360,2023-10-30,3,Empoli,Atalanta,Draw,3.75,3.5939180637716444,1,2,0,-1.0
1363,2023-12-30,3,Cagliari,Empoli,Draw,3.4,2.7198208067650853,1,1,1,2.4
1365,2023-12-30,3,Milan,Sassuolo,Draw,4.75,4.357635256025993,1,0,0,-1.0
1366,2023-12-30,3,Verona,Salernitana,Draw,3.4,3.068535970614716,1,2,0,-1.0
1369,2024-03-01,4,Celta,Almeria,Draw,3.6,3.13399289930217,1,0,0,-1.0
1372,2023-09-01,4,Almeria,Celta,Draw,3.4,2.8618484774994624,1,2,0,-1.0
1373,2023-10-01,4,Almeria,Granada,Draw,3.6,2.8219136122972373,1,1,1,2.6
1379,2024-01-02,4,Valencia,Villarreal,Draw,3.5,3.0802796975913274,1,0,0,-1.0
1385,2023-09-02,4,Sociedad,Granada,Draw,4.5,4.015644375307186,1,0,0,-1.0
1390,2023-12-02,4,Girona,Valencia,Draw,4.0,3.5052013259189447,1,0,0,-1.0
1398,2024-02-03,4,Valencia,Almeria,Draw,3.75,3.3381150687509105,1,0,0,-1.0
1402,2024-03-03,4,Villarreal,Granada,Draw,4.0,3.3129740468979314,1,0,0,-1.0
1404,2024-03-03,4,Mallorca,Girona,Draw,3.2,2.9651364573584065,1,0,0,-1.0
1411,2023-12-03,4,Mallorca,Alaves,Draw,3.0,2.89818520733743,1,1,1,2.0
1412,2023-12-03,4,Almeria,Betis,Draw,3.6,3.230815814172568,1,1,1,2.6
1415,2024-01-04,4,Osasuna,Almeria,Draw,4.0,3.569752516434257,1,0,0,-1.0
1417,2024-01-04,4,Las Palmas,Barcelona,Draw,4.33,4.217368979728363,1,2,0,-1.0
1418,2024-02-04,4,Villarreal,Cadiz,Draw,4.0,3.95490860505934,1,1,1,3.0
1420,2024-02-04,4,Betis,Getafe,Draw,3.4,3.303287384101562,1,1,1,2.4
1422,2024-03-04,4,Osasuna,Alaves,Draw,3.1,3.0019782487733204,1,0,0,-1.0
1423,2024-04-04,4,Granada,Valencia,Draw,3.1,3.057347948769948,1,2,0,-1.0
1427,2024-05-04,4,Mallorca,Ath Madrid,Draw,3.2,3.0475128202004846,1,2,0,-1.0
1434,2024-05-05,4,Osasuna,Betis,Draw,3.25,3.18777286253327,1,2,0,-1.0
1437,2024-05-05,4,Sevilla,Granada,Draw,4.0,3.5114097036787215,1,0,0,-1.0
1438,2024-05-05,4,Vallecano,Almeria,Draw,4.0,3.4845846882136318,1,2,0,-1.0
1439,2023-11-05,4,Alaves,Almeria,Draw,3.75,3.3994631674455156,1,0,0,-1.0
1440,2023-11-05,4,Valencia,Granada,Draw,4.0,3.3336852217205273,1,0,0,-1.0
1444,2023-11-06,4,Getafe,Cadiz,Draw,3.1,2.8626762334784113,1,0,0,-1.0
1448,2023-10-07,4,Sevilla,Vallecano,Draw,3.6,3.5722625054903903,1,1,1,2.6
1449,2024-03-08,4,Barcelona,Mallorca,Draw,4.75,4.419378641814773,1,0,0,-1.0
1450,2023-10-08,4,Villarreal,Las Palmas,Draw,4.0,3.9737907126559637,1,2,0,-1.0
1454,2023-10-08,4,Granada,Barcelona,Draw,5.25,3.642886254651656,1,1,1,4.25
1458,2024-03-09,4,Cadiz,Ath Madrid,Draw,3.6,3.118286935014754,1,0,0,-1.0
1459,2024-03-09,4,Granada,Sociedad,Draw,3.3,3.27639808409144,1,2,0,-1.0
1460,2024-03-09,4,Girona,Osasuna,Draw,4.2,3.8621934330098693,1,0,0,-1.0
1465,2024-02-10,4,Alaves,Villarreal,Draw,3.4,3.174133730532761,1,1,1,2.4
1476,2023-12-10,4,Cadiz,Osasuna,Draw,3.1,2.69285393347965,1,1,1,2.1
1477,2023-12-10,4,Barcelona,Girona,Draw,5.0,4.439605873027699,1,2,0,-1.0
1479,2024-02-11,4,Mallorca,Vallecano,Draw,3.0,2.979216358214444,1,0,0,-1.0
1480,2024-02-11,4,Sevilla,Ath Madrid,Draw,3.5,3.3805596697416367,1,0,0,-1.0
1481,2024-02-11,4,Barcelona,Granada,Draw,7.5,5.572287875164634,1,1,1,6.5
1484,2024-05-11,4,Villarreal,Sevilla,Draw,4.0,3.704709822908321,1,0,0,-1.0
1487,2023-08-11,4,Almeria,Vallecano,Draw,3.3,2.966177819619247,1,2,0,-1.0
1490,2023-11-11,4,Almeria,Sociedad,Draw,3.8,3.5471670717007537,1,2,0,-1.0
1491,2023-11-11,4,Granada,Getafe,Draw,3.1,3.0571665470986575,1,1,1,2.1
1492,2023-11-11,4,Osasuna,Las Palmas,Draw,3.4,3.1188303133345316,1,1,1,2.4
1495,2023-12-11,4,Vallecano,Celta,Draw,3.1,3.0410787609909575,1,1,1,2.1
1497,2024-02-12,4,Almeria,Ath Bilbao,Draw,4.0,3.529831652789587,1,1,1,3.0
1500,2024-05-12,4,Ath Madrid,Celta,Draw,4.75,3.9711287401711237,1,0,0,-1.0
1502,2024-05-12,4,Betis,Almeria,Draw,5.5,5.028458187498251,1,0,0,-1.0
1507,2023-11-12,4,Sevilla,Betis,Draw,3.5,3.4859383029437905,1,1,1,2.5
1508,2023-11-12,4,Ath Madrid,Villarreal,Draw,5.5,4.879653577430295,1,0,0,-1.0
1509,2024-01-13,4,Las Palmas,Villarreal,Draw,3.3,3.2671750570011264,1,0,0,-1.0
1510,2024-01-13,4,Mallorca,Celta,Draw,3.1,3.000001244789318,1,1,1,2.1
1512,2024-01-13,4,Betis,Granada,Draw,4.2,3.674499687223142,1,0,0,-1.0
1516,2024-04-13,4,Cadiz,Barcelona,Draw,3.6,3.3788706117502123,1,2,0,-1.0
1518,2023-08-13,4,Celta,Osasuna,Draw,3.2,3.046803975551352,1,2,0,-1.0
1519,2023-08-13,4,Villarreal,Betis,Draw,4.0,3.371424368821001,1,2,0,-1.0
1520,2023-08-13,4,Getafe,Barcelona,Draw,3.8,3.7977778096585046,1,1,1,2.8
1521,2024-01-14,4,Almeria,Girona,Draw,4.0,2.9404436048784293,1,1,1,3.0
1524,2024-04-14,4,Granada,Alaves,Draw,3.0,2.9682635153246393,1,0,0,-1.0
1525,2024-04-14,4,Ath Bilbao,Villarreal,Draw,4.0,3.544114712973079,1,1,1,3.0
1529,2024-05-14,4,Girona,Villarreal,Draw,4.5,3.6669209478172062,1,2,0,-1.0
1530,2023-08-14,4,Cadiz,Alaves,Draw,3.0,2.8714902872985095,1,0,0,-1.0
1534,2024-05-15,4,Sevilla,Cadiz,Draw,3.6,3.2494416536916515,1,2,0,-1.0
1535,2024-05-15,4,Vallecano,Granada,Draw,3.8,3.664423414850768,1,0,0,-1.0
1536,2024-05-15,4,Celta,Ath Bilbao,Draw,3.3,2.957528984113629,1,0,0,-1.0
1538,2023-09-15,4,Vallecano,Alaves,Draw,3.25,3.1607117913001175,1,0,0,-1.0
1540,2024-02-16,4,Villarreal,Getafe,Draw,3.5,3.146482268501948,1,1,1,2.5
1543,2024-03-16,4,Getafe,Girona,Draw,3.5,3.158527971294317,1,0,0,-1.0
1544,2024-03-16,4,Ath Bilbao,Alaves,Draw,3.75,3.4774440950201413,1,0,0,-1.0
1545,2024-05-16,4,Las Palmas,Betis,Draw,3.5,3.488282148976797,1,1,1,2.5
1546,2024-05-16,4,Almeria,Barcelona,Draw,5.0,3.59168912987702,1,2,0,-1.0
1552,2023-12-16,4,Celta,Granada,Draw,4.0,3.325951626977036,1,0,0,-1.0
1554,2023-12-16,4,Sevilla,Getafe,Draw,3.4,3.3045638878796795,1,2,0,-1.0
1556,2024-02-17,4,Ath Madrid,Las Palmas,Draw,4.75,4.734990394945228,1,0,0,-1.0
1560,2024-03-17,4,Sevilla,Celta,Draw,3.4,3.1927596690799365,1,2,0,-1.0
1561,2024-03-17,4,Las Palmas,Almeria,Draw,3.5,2.954635376022169,1,2,0,-1.0
1566,2023-09-17,4,Villarreal,Almeria,Draw,4.5,4.094744396201142,1,0,0,-1.0
1567,2023-09-17,4,Sevilla,Las Palmas,Draw,4.0,3.4727793614406663,1,0,0,-1.0
1570,2023-12-17,4,Sociedad,Betis,Draw,4.0,3.4135018538107893,1,1,1,3.0
1571,2023-12-17,4,Las Palmas,Cadiz,Draw,3.3,2.784462901925831,1,1,1,2.3
1574,2024-02-18,4,Granada,Almeria,Draw,3.5,3.0188295583109466,1,1,1,2.5
1576,2024-02-18,4,Betis,Alaves,Draw,3.3,2.500879906216805,1,1,1,2.3
1577,2024-05-18,4,Alaves,Getafe,Draw,3.2,2.967735205655681,1,0,0,-1.0
1579,2023-08-18,4,Valencia,Las Palmas,Draw,3.9,3.783025481140346,1,0,0,-1.0
1580,2023-09-18,4,Granada,Girona,Draw,3.5,3.0179204360878513,1,2,0,-1.0
1581,2023-12-18,4,Girona,Alaves,Draw,4.0,3.4423213396768437,1,0,0,-1.0
1582,2024-01-19,4,Alaves,Cadiz,Draw,3.5,3.0797406835183736,1,0,0,-1.0
1589,2024-05-19,4,Cadiz,Las Palmas,Draw,3.5,2.8413109765457847,1,1,1,2.5
1590,2024-05-19,4,Granada,Celta,Draw,3.6,3.0316539171337245,1,2,0,-1.0
1599,2023-12-19,4,Granada,Sevilla,Draw,3.4,2.830176676418438,1,2,0,-1.0
1600,2024-01-20,4,Vallecano,Las Palmas,Draw,3.3,3.179250920220283,1,2,0,-1.0
1606,2024-04-20,4,Valencia,Betis,Draw,3.2,2.925408499053623,1,2,0,-1.0
1610,2023-08-20,4,Betis,Ath Madrid,Draw,3.4,2.5694411095169887,1,1,1,2.4
1611,2023-10-20,4,Osasuna,Granada,Draw,3.8,3.2964352007861866,1,0,0,-1.0
1613,2023-12-20,4,Ath Bilbao,Las Palmas,Draw,5.0,4.987491911692368,1,0,0,-1.0
1620,2024-04-21,4,Almeria,Villarreal,Draw,3.8,3.313311848354475,1,2,0,-1.0
1621,2024-04-21,4,Alaves,Ath Madrid,Draw,3.5,2.8618073867592915,1,0,0,-1.0
1624,2023-08-21,4,Granada,Vallecano,Draw,3.0,2.897407214762585,1,2,0,-1.0
1626,2023-10-21,4,Getafe,Betis,Draw,3.0,2.9326202736664504,1,1,1,2.0
1628,2023-10-21,4,Celta,Ath Madrid,Draw,3.5,3.2371058567292965,1,2,0,-1.0
1633,2024-01-22,4,Granada,Ath Madrid,Draw,3.8,2.621484217604306,1,2,0,-1.0
1638,2023-10-22,4,Villarreal,Alaves,Draw,3.75,3.632953457593566,1,1,1,2.75
1644,2023-09-23,4,Almeria,Valencia,Draw,3.6,3.009114168602319,1,1,1,2.6
1645,2023-10-23,4,Valencia,Cadiz,Draw,3.6,3.417599839938062,1,0,0,-1.0
1646,2023-12-23,4,Ath Madrid,Sevilla,Draw,4.33,3.9940241841096054,1,0,0,-1.0
1647,2024-02-24,4,Barcelona,Getafe,Draw,5.0,4.833361294434633,1,0,0,-1.0
1649,2024-02-24,4,Almeria,Ath Madrid,Draw,4.0,3.2551634929754956,1,1,1,3.0
1653,2023-09-24,4,Betis,Cadiz,Draw,3.5,2.951795508166869,1,1,1,2.5
1654,2023-09-24,4,Las Palmas,Granada,Draw,3.5,2.509287834010155,1,0,0,-1.0
1656,2023-11-24,4,Alaves,Granada,Draw,3.6,2.9373659104780634,1,0,0,-1.0
1657,2024-02-25,4,Cadiz,Celta,Draw,3.0,2.7753535286297826,1,1,1,2.0
1660,2024-02-25,4,Real Madrid,Sevilla,Draw,6.0,5.982838977343134,1,0,0,-1.0
1663,2024-05-25,4,Almeria,Cadiz,Draw,3.6,2.7067232130437144,1,0,0,-1.0
1664,2024-05-25,4,Vallecano,Ath Bilbao,Draw,3.5,3.4572038110532604,1,2,0,-1.0
1665,2024-05-25,4,Real Madrid,Betis,Draw,6.0,5.091842036234849,1,1,1,5.0
1667,2023-08-25,4,Celta,Real Madrid,Draw,3.9,3.5152084334394385,1,2,0,-1.0
1670,2023-11-25,4,Getafe,Almeria,Draw,3.75,3.192942929288547,1,0,0,-1.0
1675,2024-05-26,4,Getafe,Mallorca,Draw,3.25,2.9562203886279503,1,2,0,-1.0
1676,2024-05-26,4,Celta,Valencia,Draw,3.5,3.4869029096896016,1,1,1,2.5
1677,2024-05-26,4,Las Palmas,Alaves,Draw,3.3,3.2263836698510913,1,1,1,2.3
1678,2024-05-26,4,Sevilla,Barcelona,Draw,4.0,3.9293696902660855,1,2,0,-1.0
1679,2023-08-26,4,Cadiz,Almeria,Draw,3.2,2.757076669420468,1,1,1,2.2
1680,2023-08-26,4,Granada,Mallorca,Draw,3.0,2.6131488644038425,1,0,0,-1.0
1682,2023-09-26,4,Sevilla,Almeria,Draw,3.8,3.5772550661622002,1,0,0,-1.0
1685,2023-11-26,4,Sociedad,Sevilla,Draw,3.6,3.5899318009671264,1,0,0,-1.0
1686,2023-11-26,4,Cadiz,Real Madrid,Draw,4.5,3.5992107919982037,1,2,0,-1.0
1689,2024-01-27,4,Las Palmas,Real Madrid,Draw,4.75,4.279000187795767,1,2,0,-1.0
1693,2024-04-27,4,Almeria,Getafe,Draw,3.4,2.8876854798460108,1,2,0,-1.0
1702,2023-09-27,4,Cadiz,Vallecano,Draw,3.2,2.8045846515035757,1,1,1,2.2
1707,2024-01-28,4,Cadiz,Ath Bilbao,Draw,3.4,2.9912366181376844,1,1,1,2.4
1710,2024-04-28,4,Cadiz,Mallorca,Draw,2.9,2.893510201440524,1,1,1,1.9
1711,2024-04-28,4,Granada,Osasuna,Draw,3.1,2.8107230436048587,1,0,0,-1.0
1712,2024-04-28,4,Villarreal,Vallecano,Draw,4.0,3.9440571430281794,1,0,0,-1.0
1717,2023-09-28,4,Granada,Betis,Draw,3.3,3.0901518948432627,1,1,1,2.3
1719,2023-10-28,4,Almeria,Las Palmas,Draw,3.5,2.800001363447338,1,2,0,-1.0
1722,2023-10-28,4,Cadiz,Sevilla,Draw,3.25,3.130109433140313,1,1,1,2.25
1725,2024-04-29,4,Barcelona,Valencia,Draw,5.0,4.6435410590729305,1,0,0,-1.0
1727,2023-10-29,4,Betis,Osasuna,Draw,3.5,3.187780204325737,1,0,0,-1.0
1728,2023-10-29,4,Vallecano,Sociedad,Draw,3.2,2.8137328531782066,1,1,1,2.2
1733,2024-03-30,4,Almeria,Osasuna,Draw,3.2,2.515392590704248,1,2,0,-1.0
1735,2024-03-30,4,Barcelona,Las Palmas,Draw,6.5,6.095047653158311,1,0,0,-1.0
1737,2023-09-30,4,Vallecano,Mallorca,Draw,3.1,2.841450411480663,1,1,1,2.1
1743,2024-03-31,4,Celta,Vallecano,Draw,3.3,2.7746543581482395,1,1,1,2.3
